name,date,time,link
How artificial intelligence may help prevent construction accidents,"Aug. 12, 2019",10:43 a.m.,http://www.marketwatch.com/story/how-artificial-intelligence-may-help-prevent-construction-accidents-2019-08-12
U.S. corporate debt might be in bubble territory. What you should know,"Aug. 2, 2019",6:30 a.m.,http://www.marketwatch.com/story/us-corporate-debt-might-be-in-bubble-territory-what-you-should-know-2019-08-02-6105300
Why small businesses could be the biggest losers in Trump's trade war,"Aug. 1, 2019",6:53 a.m.,http://www.marketwatch.com/story/why-small-businesses-could-be-the-biggest-losers-in-trumps-trade-war-2019-08-01-61055327
An AI model emits 5 times more CO2 than an average car in its lifetime,"July 26, 2019",6:31 a.m.,http://www.marketwatch.com/story/an-ai-model-emits-5-times-more-co2-than-an-average-car-in-its-lifetime-2019-07-26-61053140
How artificial intelligence could detect concussions in athletes,"July 23, 2019",6:30 a.m.,http://www.marketwatch.com/story/how-artificial-intelligence-could-detect-concussions-in-athletes-2019-07-23-6105300
Meet the companies aiming to become 'Airbnb on wheels',"July 16, 2019",6:34 a.m.,http://www.marketwatch.com/story/meet-the-companies-aiming-to-become-airbnb-on-wheels-2019-07-16-61053413
How to boost the sustainability of your bond portfolio,"July 15, 2019",10:41 a.m.,http://www.marketwatch.com/story/how-to-boost-the-sustainability-of-your-bond-portfolio-2019-07-11
How virtual and augmented reality could boost productivity by 21%,"July 8, 2019",12:33 p.m.,http://www.marketwatch.com/story/how-ar-and-vr-could-boost-worker-productivity-by-21-2019-07-08-6105300
Everything you need to know to invest in alternatives,"July 2, 2019",6:29 a.m.,http://www.marketwatch.com/story/everything-you-need-to-know-to-invest-in-alternatives-2019-07-02-61052924
Here's what's stopping consumers from transitioning to green energy,"June 28, 2019",6:50 a.m.,http://www.marketwatch.com/story/heres-whats-stopping-consumers-from-transitioning-to-green-energy-2019-06-28-61055054
Why the tides are turning in the anti-trust debate against tech giants,"June 27, 2019",1:06 a.m.,http://www.marketwatch.com/story/why-the-tides-are-turning-in-the-anti-trust-debate-against-tech-giants-2019-06-27-110560
How computer simulation can make autonomous cars a reality,"June 25, 2019",4:25 p.m.,http://www.marketwatch.com/story/how-computer-simulation-can-make-autonomous-cars-a-reality-2019-06-25-61055736
How tech is reducing hospital-readmission rates,"June 20, 2019",6:34 a.m.,http://www.marketwatch.com/story/how-tech-is-reducing-hospital-readmission-rates-2019-06-20-61053454
Why investing in tech but not in employees doesn't yield results,"June 17, 2019",7:26 a.m.,http://www.marketwatch.com/story/why-investing-in-tech-but-not-in-employees-doesnt-yield-results-2019-06-17-71052637
How AI can take the guesswork out of farming,"June 12, 2019",6:55 a.m.,http://www.marketwatch.com/story/how-ai-can-take-the-guesswork-out-of-farming-2019-06-12-61055535
Here's how to build a fixed-income portfolio like a pro,"June 11, 2019",2:55 p.m.,http://www.marketwatch.com/story/heres-how-to-build-a-fixed-income-portfolio-like-a-pro-2019-06-10-61055854
Why credit bureaus are transforming into data and software companies,"June 5, 2019",6:47 a.m.,http://www.marketwatch.com/story/why-credit-bureaus-are-transforming-into-data-and-software-companies-2019-06-05-61054739
How medical 3D printing could solve the shortage of organ donations,"May 30, 2019",8:31 a.m.,http://www.marketwatch.com/story/how-medical-3d-printing-could-solve-for-shortage-of-organ-donations-2019-05-30-710500
Why bitcoin tycoon Barry Silbert thinks bitcoin will replace gold,"May 21, 2019",6:32 a.m.,http://www.marketwatch.com/story/why-bitcoin-tycoon-barry-silbert-thinks-bitcoin-will-replace-gold-2019-05-21-61053252
Annual TV ad spend tops $70 billion. Will streaming get a piece?,"May 14, 2019",6:58 a.m.,http://www.marketwatch.com/story/annual-tv-ad-spend-tops-70-billion-will-streaming-get-a-piece-2019-05-14-61055850
What is trapped value and how can companies unleash it?,"May 6, 2019",6:56 a.m.,http://www.marketwatch.com/story/what-is-trapped-value-and-how-can-companies-unleash-it-2019-05-06-61055648
How the evolution of benefits is changing corporate culture,"May 2, 2019",7:00 a.m.,http://www.marketwatch.com/story/how-the-evolution-of-benefits-is-changing-corporate-culture-2019-05-02
Why brands that ignore diversity pay the price,"April 29, 2019",3:32 p.m.,http://www.marketwatch.com/story/why-brands-that-ignore-diversity-pay-the-price-2019-04-26-710500
How these sector strategies could safeguard your portfolio,"April 25, 2019",7:00 a.m.,http://www.marketwatch.com/story/how-these-sector-strategies-could-safeguard-your-portfolio-2019-04-25
Here's how augmented reality will transform how you shop online,"April 24, 2019",12:02 p.m.,http://www.marketwatch.com/story/heres-how-augmented-reality-will-transform-how-you-shop-online-2019-04-19-710500
How tech is improving lives in the deaf and hard of hearing community,"April 18, 2019",7:00 a.m.,http://www.marketwatch.com/story/how-tech-is-improving-qualify-of-life-for-the-deaf-and-hard-of-hearing-2019-04-18
Here's why employers are dramatically increasing benefits,"April 11, 2019",7:00 a.m.,http://www.marketwatch.com/story/heres-why-employers-are-dramatically-increasing-benefits-2019-04-11-710500
How VR could integrate everything - even your smart phone,"April 9, 2019",8:59 a.m.,http://www.marketwatch.com/story/how-vr-could-integrate-everything---even-your-smart-phone-2019-04-09
How 'alternative data' gives an investing edge - if you can afford it,"April 3, 2019",7:08 a.m.,http://www.marketwatch.com/story/how-alternative-data-gives-an-investing-edge---if-you-can-afford-it-2019-04-03-7105846
The real reason why the gender gap in business leadership persists,"March 28, 2019",7:23 a.m.,http://www.marketwatch.com/story/the-real-reason-why-the-gender-gap-in-business-leadership-persists-2019-03-28-71052338
What to do about the $25 billion lost annually due to power outages,"March 26, 2019",10:56 a.m.,http://www.marketwatch.com/story/what-to-do-about-the-25-billion-lost-annually-due-to-power-outages-2019-03-26
Why companies are investing in these semi-private blockchains,"March 21, 2019",11:18 a.m.,http://www.marketwatch.com/story/why-the-future-of-blockchain-may-be-a-permissioned-governance-model-2019-03-21-71051711
Does the future of virtual reality lie in standalone headsets?,"March 19, 2019",7:09 a.m.,http://www.marketwatch.com/story/does-the-future-of-virtual-reality-lie-in-standalone-headsets-2019-03-19
Soon you'll be able to make payments from your car's dashboard,"March 15, 2019",7:08 a.m.,http://www.marketwatch.com/story/soon-youll-be-able-to-make-payments-from-your-cars-dashboard-2019-03-15-7105849
"How to approach cannabis as an investor, not an amateur enthusiast","March 13, 2019",7:08 a.m.,http://www.marketwatch.com/story/how-to-approach-cannabis-as-an-investor-not-an-amateur-enthusiast-2019-03-12
Companies are spending more on AI. But are they seeing strong returns?,"March 8, 2019",7:13 a.m.,http://www.marketwatch.com/story/companies-are-spending-more-on-ai-but-are-they-seeing-strong-returns-2019-03-08
How automakers are preparing for the car-as-a-service era,"March 5, 2019",6:02 a.m.,http://www.marketwatch.com/story/how-automakers-are-preparing-for-the-car-as-a-service-era-2019-03-05-6105259
"How 5G will revolutionize gaming, movies and e-sports","Feb. 28, 2019",7:41 a.m.,http://www.marketwatch.com/story/how-5g-will-revolutionize-gaming-movies-and-e-sports-2019-02-28-71054130
Office tech's lagging behind home tech and that could hurt business,"Feb. 26, 2019",7:13 a.m.,http://www.marketwatch.com/story/office-techs-lagging-behind-home-tech-and-that-could-hurt-business-2019-02-26-7105130
Why the future classroom will have more VR applications than books,"Feb. 21, 2019",7:11 a.m.,http://www.marketwatch.com/story/why-the-future-classroom-will-have-more-vr-applications-than-books-2019-02-21-7105117
How an agnostic 'voice platform' could talk to all your home devices,"Feb. 20, 2019",10:03 a.m.,http://www.marketwatch.com/story/how-an-agnostic-voice-platform-could-talk-to-all-your-home-devices-2019-02-20-61055631
Why these companies are committing to hiring hundreds of refugees,"Feb. 15, 2019",7:00 a.m.,http://www.marketwatch.com/story/why-these-companies-are-committing-to-hiring-hundreds-of-refugees-2019-02-15-710500
How 5G technology will revolutionize health care,"Feb. 14, 2019",11:57 a.m.,http://www.marketwatch.com/story/how-5g-technology-will-revolutionize-health-care-2019-02-14-71051459
Tech companies are hiring for 'new collar' jobs. Here's how to get one,"Feb. 12, 2019",7:48 a.m.,http://www.marketwatch.com/story/tech-companies-are-hiring-for-new-collar-jobs-heres-how-to-get-one-2019-02-12-71054848
Why memory is still the missing piece of fully autonomous vehicles,"Feb. 8, 2019",10:25 a.m.,http://www.marketwatch.com/story/why-memory-is-still-the-missing-piece-of-fully-autonomous-vehicles-2019-02-08
Who's to blame in a self-driving car crash? Auto insurers need to know,"Feb. 6, 2019",7:18 a.m.,http://www.marketwatch.com/story/whos-to-blame-in-a-self-driving-car-crash-auto-insurers-need-to-know-2019-02-06-7105182
How the motorcycle industry's reinventing itself to woo millennials,"Feb. 1, 2019",7:26 a.m.,http://www.marketwatch.com/story/how-the-motorcycle-industrys-reinventing-itself-to-woo-millennials-2019-02-01-71052643
Personality tests are exploding. Just don't use them to hire someone,"Jan. 31, 2019",10:26 a.m.,http://www.marketwatch.com/story/personality-tests-are-exploding-just-dont-use-them-to-hire-someone-2019-01-31-710500
Could scooter-sharing networks be the answer to urban mobility?,"Jan. 29, 2019",7:17 a.m.,http://www.marketwatch.com/story/could-scooter-sharing-networks-be-the-answer-to-urban-mobility-2019-01-29-71051724
How check-out free retail could save U.S. consumers 118 hours per year,"Jan. 25, 2019",6:39 a.m.,http://www.marketwatch.com/story/how-check-out-free-retail-could-save-us-consumers-118-hours-per-year-2019-01-25-61053948
What most businesses and investors get wrong about risk,"Jan. 18, 2019",7:13 a.m.,http://www.marketwatch.com/story/what-most-businesses-and-investors-get-wrong-about-risk-2019-01-18-7105136
How the life insurance industry is using AI to attract millennials,"Jan. 17, 2019",7:00 a.m.,http://www.marketwatch.com/story/how-the-life-insurance-industry-is-using-ai-to-attract-millennials-2019-01-17-710500
One in three health-care dollars go to waste. Could AI fix that?,"Jan. 16, 2019",11:20 a.m.,http://www.marketwatch.com/story/one-in-three-health-care-dollars-go-to-waste-could-ai-fix-that-2018-09-21-71051811
PayPal CFO: Here's why it's 'expensive to be poor',"Jan. 10, 2019",7:00 a.m.,http://www.marketwatch.com/story/paypal-cfo-heres-why-its-expensive-to-be-poor-2019-01-10-710500
How restaurants are using data to shape the future of food delivery,"Jan. 9, 2019",7:00 a.m.,http://www.marketwatch.com/story/how-restaurants-are-using-data-to-shape-the-future-of-food-delivery-2019-01-09-710500
How automated digital payroll will change the way employees get paid,"Jan. 3, 2019",7:19 a.m.,http://www.marketwatch.com/story/how-automated-digital-payroll-will-change-the-way-employees-get-paid-2019-01-03-71051913
AI could transform the world. Here's what's holding it back,"Jan. 2, 2019",7:03 a.m.,http://www.marketwatch.com/story/ai-could-transform-the-world-heres-whats-holding-it-back-2019-01-02-710532
Why the banking industry will spend $100bn in cloud services by 2019,"Dec. 28, 2018",7:10 a.m.,http://www.marketwatch.com/story/why-the-banking-industry-will-spend-100bn-in-cloud-services-by-2019-2018-12-28-71051054
How AI figures out exactly what kind of music you like,"Dec. 27, 2018",9:56 a.m.,http://www.marketwatch.com/story/how-ai-figures-out-exactly-what-kind-of-music-you-like-2018-12-27-7105029
How car manufacturing changes influence palladium and platinum prices,"Dec. 21, 2018",7:00 a.m.,http://www.marketwatch.com/story/how-car-manufacturing-changes-influence-palladium-and-platinum-prices-2018-12-27-710500
How the cloud is changing,"Dec. 20, 2018",4:05 p.m.,http://www.marketwatch.com/story/how-the-cloud-is-changing-2018-12-14-710500
Can China and blockchain work?,"Dec. 20, 2018",7:00 a.m.,http://www.marketwatch.com/story/can-china-and-blockchain-work-2018-12-20-710500
Can robots save the dairy farm?,"Dec. 18, 2018",7:00 a.m.,http://www.marketwatch.com/story/can-robots-save-the-dairy-farm-2018-12-18-710500
Why companies are moving beyond passwords to outsmart hackers,"Dec. 14, 2018",7:00 a.m.,http://www.marketwatch.com/story/why-companies-are-moving-beyond-passwords-to-outsmart-hackers-2018-12-14-710500
How to trade sneakers like stocks,"Dec. 7, 2018",10:38 a.m.,http://www.marketwatch.com/story/how-to-trade-sneakers-like-stocks-2018-12-07
Here's how quantum computing could transform your life,"Dec. 4, 2018",11:18 a.m.,http://www.marketwatch.com/story/heres-how-quantum-computing-could-transform-your-life-2018-12-04
What you need to know to invest in the space economy,"Nov. 30, 2018",7:30 a.m.,http://www.marketwatch.com/story/what-you-need-to-know-to-invest-in-the-space-economy-2018-11-30-71053013
Could 'stablecoins' be the answer to cryptocurrency volatility?,"Nov. 29, 2018",7:36 a.m.,http://www.marketwatch.com/story/could-stablecoins-be-the-answer-to-cryptocurrency-volatility-2018-11-29-71053638
Why the future of Canada's cannabis industry is not smoking products,"Nov. 20, 2018",6:25 a.m.,http://www.marketwatch.com/story/why-the-future-of-canadas-cannabis-industry-is-not-smoking-products-2018-11-20-61052539
Is the gig economy a friend or foe of the middle class?,"Nov. 15, 2018",6:47 a.m.,http://www.marketwatch.com/story/is-the-gig-economy-a-friend-or-foe-of-the-middle-class-2018-11-15-61054736
Here's what cybersecurity first responders will soon look like,"Nov. 7, 2018",2:30 p.m.,http://www.marketwatch.com/story/heres-what-cybersecurity-related-first-responders-would-look-like-2018-11-07-7105423
Why companies investing in innovation actually underperform,"Nov. 5, 2018",2:36 p.m.,http://www.marketwatch.com/story/why-companies-investing-in-innovation-actually-underperform-2018-11-05-710500
What the #MeToo movement means for investors,"Nov. 2, 2018",7:03 a.m.,http://www.marketwatch.com/story/what-the-metoo-movement-means-for-investors-2018-11-02-7105312
Why business schools are adding blockchain courses to their curriculum,"Oct. 31, 2018",7:06 a.m.,http://www.marketwatch.com/story/why-business-schools-are-adding-blockchain-courses-to-their-curriculum-2018-10-31-7105652
How the secondary sneaker market became a billion-dollar industry,"Oct. 25, 2018",2:36 p.m.,http://www.marketwatch.com/story/how-the-secondary-sneaker-market-became-a-billion-dollar-industry-2018-10-19-710500
How to invest in 'Womenomics',"Oct. 17, 2018",7:19 a.m.,http://www.marketwatch.com/story/how-to-invest-in-womenomics-2018-10-17-71051942
Why analog photography is having a comeback in the digital world,"Oct. 15, 2018",5:48 p.m.,http://www.marketwatch.com/story/why-analog-photography-is-having-a-comeback-in-the-digital-world-2018-10-15-61054137
How your surgeon could soon be replaced by a robot,"Oct. 8, 2018",7:37 a.m.,http://www.marketwatch.com/story/how-your-surgeon-could-soon-be-replaced-by-a-robot-2018-10-08-71053710
Tala CEO says AI will create an 'equal playing field' in lending,"Oct. 5, 2018",7:00 a.m.,http://www.marketwatch.com/story/how-ai-is-helping-the-unbanked-get-loans-2018-10-05-710500
Bias in AI is a real danger. Here's how companies are fighting it,"Oct. 4, 2018",7:06 a.m.,http://www.marketwatch.com/story/bias-in-ai-is-a-real-danger-heres-how-companies-are-fighting-it-2018-10-04-7105646
Soon you'll be able to make payments without even thinking about it,"Oct. 2, 2018",12:40 p.m.,http://www.marketwatch.com/story/soon-youll-be-able-to-make-payments-without-even-thinking-about-it-2018-09-04-710500
Could AI soon replace your radiologist?,"Sept. 27, 2018",6:51 a.m.,http://www.marketwatch.com/story/could-ai-soon-replace-your-radiologist-2018-09-27-6105514
Is quantitative investing the future of stock picking?,"Sept. 25, 2018",7:18 a.m.,http://www.marketwatch.com/story/is-quantitative-investing-the-future-of-stock-picking-2018-09-25-71051842
How AI could help build a '911 for cybersecurity',"Sept. 18, 2018",12:36 p.m.,http://www.marketwatch.com/story/how-ai-could-help-build-a-911-for-cybersecurity-2018-09-18-61055541
Massachusetts lobstermen feel the pinch of the U.S.-China trade war,"Sept. 11, 2018",6:47 a.m.,http://www.marketwatch.com/story/massachusetts-lobstermen-feel-the-pinch-of-the-us-china-trade-war-2018-09-11-61054713
Three ways 5G technology will change your life,"Sept. 10, 2018",12:23 p.m.,http://www.marketwatch.com/story/three-ways-5g-technology-will-change-your-life-2018-09-10-710500
Educate yourself before buying overseas ETFs,"Aug. 28, 2018",7:00 a.m.,http://www.marketwatch.com/story/educate-yourself-before-buying-overseas-etfs-2018-08-28-710500
Here's the biggest Brexit threat to U.K. tech startups,"Aug. 24, 2018",10:10 a.m.,http://www.marketwatch.com/story/will-brexit-hurt-the-uks-startup-tech-industry-2018-08-17-710500
Here's how the anti-sugar craze is boosting healthy beverage sales,"Aug. 24, 2018",7:00 a.m.,http://www.marketwatch.com/story/heres-how-the-anti-sugar-craze-is-boosting-healthy-beverage-sales-2018-08-24-710500
The U.K. has a 'skills gap' problem. Brexit could only make it worse,"Aug. 22, 2018",6:16 a.m.,http://www.marketwatch.com/story/the-uk-has-a-skills-gap-problem-brexit-could-only-make-it-worse-2018-08-22-61051630
These ETFs are promising hedge-fund returns at a fraction of the cost,"Aug. 20, 2018",6:03 a.m.,http://www.marketwatch.com/story/these-etfs-are-promising-hedge-fund-returns-at-a-fraction-of-the-cost-2018-08-20-6105332
Why cyberattacks on airports and power grids could be the new reality,"Aug. 13, 2018",10:44 a.m.,http://www.marketwatch.com/story/why-cyberattacks-on-airports-and-power-grids-could-be-the-new-reality-2018-08-13-61055826
What you need to know about the new Bill of Rights for your privacy,"Aug. 9, 2018",10:40 a.m.,http://www.marketwatch.com/story/what-you-need-to-know-about-the-new-bill-of-rights-for-your-privacy-2018-08-09
Could gold be the next digital currency?,"Aug. 7, 2018",5:48 a.m.,http://www.marketwatch.com/story/could-gold-be-the-next-digital-currency-2018-08-07-51054838
How fintech could save consumers $16 bn in money-transfer fees,"Aug. 6, 2018",10:54 a.m.,http://www.marketwatch.com/story/how-fintech-could-save-consumers-16-bn-in-money-transfer-fees-2018-07-18-51053154
Why it pays off to be kind at work,"Aug. 2, 2018",11:39 a.m.,http://www.marketwatch.com/story/why-it-pays-off-to-be-kind-at-work-2018-08-02-710500
How 'female viagra' could disrupt the $6bn sexual dysfunction industry,"July 31, 2018",5:56 a.m.,http://www.marketwatch.com/story/how-female-viagra-could-disrupt-the-6bn-sexual-dysfunction-industry-2018-07-31-51055634
The bullish case for gold as yellow metal hovers near 1-year low,"July 30, 2018",10:19 a.m.,http://www.marketwatch.com/story/the-bullish-case-for-gold-as-yellow-metal-hovers-at-1-year-low-2018-07-30-51052743
Why small and mid-caps could be the answer to trade-related jitters,"July 26, 2018",5:47 a.m.,http://www.marketwatch.com/story/why-small-and-mid-caps-could-be-the-answer-to-trade-related-jitters-2018-07-26-51054731
Ethereum co-founder: Blockchain-based wallet could end need for banks,"July 16, 2018",2:03 p.m.,http://www.marketwatch.com/story/ethereum-co-founder-blockchain-based-wallet-could-end-need-for-banks-2018-07-12-7105221
What Russia's alliance with Saudi Arabia means for the future of oil,"July 16, 2018",9:47 a.m.,http://www.marketwatch.com/story/what-russias-alliance-with-saudi-arabia-means-for-the-future-of-oil-2018-07-16
Here's what most investors get wrong about disruption,"July 11, 2018",6:43 a.m.,http://www.marketwatch.com/story/heres-what-most-investors-get-wrong-about-disruption-2018-07-11-61054342
How the ad industry is working to move away from the 'Mad Men' era,"July 10, 2018",7:35 a.m.,http://www.marketwatch.com/story/how-the-ad-industry-is-working-to-move-away-from-the-mad-men-era-2018-07-10-71053554
How ETFs could soon become 'Blockchain-traded funds',"July 5, 2018",1:55 p.m.,http://www.marketwatch.com/story/how-etfs-could-soon-become-blockchain-traded-funds-2018-07-05-61055610
How everything around you could soon turn into a subscription,"June 27, 2018",6:27 a.m.,http://www.marketwatch.com/story/how-everything-around-you-could-soon-turn-into-a-subscription-2018-06-27-61052757
You can become a venture capitalist with just $100. Here's how,"June 21, 2018",10:27 a.m.,http://www.marketwatch.com/story/you-can-become-a-venture-capitalist-with-just-100-heres-how-2018-06-21-710500
How cocktail home-delivery apps could disrupt the spirits industry,"June 19, 2018",6:19 a.m.,http://www.marketwatch.com/story/how-cocktail-home-delivery-apps-could-disrupt-the-spirits-industry-2018-06-19-61051929
How millennials are disrupting the financial adviser industry,"June 15, 2018",6:20 a.m.,http://www.marketwatch.com/story/how-millennials-are-disrupting-the-financial-adviser-industry-2018-06-15-61052038
How the e-sports industry is joining the 'influencer' marketing trend,"June 14, 2018",6:40 a.m.,http://www.marketwatch.com/story/how-the-e-sports-industry-is-joining-the-influencer-marketing-trend-2018-06-14-6105401
How the $3 trillion wellness industry confuses fact with fad,"June 8, 2018",11:46 a.m.,http://www.marketwatch.com/story/how-the-3-trillion-wellness-industry-confuses-fact-with-fad-2018-06-08-710500
How the rules of portfolio construction are changing in today's market,"June 5, 2018",9:55 a.m.,http://www.marketwatch.com/story/how-the-rules-of-portfolio-construction-are-changing-in-todays-market-2018-06-05-51052256
How we got here: A history of U.S. steel wars before Trump,"June 1, 2018",1:23 p.m.,http://www.marketwatch.com/story/how-we-got-here-a-history-of-us-steel-wars-before-trump-2018-02-27-61052511
Here's how to invest in cannabis through ETFs,"May 31, 2018",11:19 a.m.,http://www.marketwatch.com/story/heres-how-to-invest-in-cannabis-through-etfs-2018-05-31
The fertility market is projected to reach over $30 billion by 2023,"May 29, 2018",7:00 a.m.,http://www.marketwatch.com/story/the-fertility-market-is-projected-to-reach-over-30-billion-by-2023-2018-05-29-710500
This artificial intelligence can predict your mood,"May 24, 2018",5:45 p.m.,http://www.marketwatch.com/story/this-artificial-intelligence-can-predict-your-mood-2018-05-24-710500
Is the fiduciary rule dead? Here's everything you need to know,"May 22, 2018",6:21 a.m.,http://www.marketwatch.com/story/is-the-fiduciary-rule-dead-heres-everything-you-need-to-know-2018-05-22-61052152
Will 'Device as a Service' make owning computer hardware obsolete?,"May 18, 2018",6:59 a.m.,http://www.marketwatch.com/story/will-device-as-a-service-make-owning-computer-hardware-obsolete-2018-05-18
How fantasy sports can help boost TV ratings for sports leagues,"May 15, 2018",6:50 a.m.,http://www.marketwatch.com/story/how-fantasy-sports-can-help-boost-tv-ratings-for-sports-leagues-2018-05-15-61055057
Why you don't need to worry about robots stealing your future job,"May 10, 2018",7:00 a.m.,http://www.marketwatch.com/story/why-you-dont-need-to-worry-about-robots-stealing-your-future-job-2018-05-10-710500
How facial recognition could create a 'Minority Report'-like world,"May 8, 2018",10:16 a.m.,http://www.marketwatch.com/story/how-facial-recognition-could-create-a-minority-report-like-world-2018-05-08-61053328
How AI and video could transform the online dating industry,"May 3, 2018",6:22 a.m.,http://www.marketwatch.com/story/how-ai-and-video-could-transform-the-online-dating-industry-2018-05-03-61052233
How your car could tell your insurance company if you're a good driver,"May 1, 2018",6:24 a.m.,http://www.marketwatch.com/story/how-your-car-could-tell-your-insurance-company-if-youre-a-good-driver-2018-05-01-61052445
Just how dangerous is facial recognition? Watch this to find out,"April 26, 2018",6:45 a.m.,http://www.marketwatch.com/story/just-how-dangerous-is-facial-recognition-watch-this-to-find-out-2018-04-26-61054544
Meet the tech founders building the anti-smartphone,"April 20, 2018",7:00 a.m.,http://www.marketwatch.com/story/meet-the-tech-founders-building-the-anti-smartphone-2018-04-20-710500
How socially responsible investing transforms traditional portfolios,"April 19, 2018",10:46 a.m.,http://www.marketwatch.com/story/how-esg-principles-could-affect-your-traditional-non-esg-portfolio-2018-04-19-61051155
How NBA teams are using eSports to find new revenue streams,"April 17, 2018",11:56 a.m.,http://www.marketwatch.com/story/how-nba-teams-are-using-esports-to-find-new-revenue-streams-2018-04-17-61054123
Why 92% of Americans mistrust their own financial institution,"April 13, 2018",6:09 a.m.,http://www.marketwatch.com/story/why-92-of-americans-mistrust-their-own-financial-institution-2018-04-13-6105959
Why tobacco and alcohol stocks could recession-proof your portfolio,"April 10, 2018",12:00 p.m.,http://www.marketwatch.com/story/why-tobacco-and-alcohol-stocks-could-recession-proof-your-portfolio-2018-04-10-5105270
Here's why private equity companies are buying fertility clinics,"April 6, 2018",6:01 a.m.,http://www.marketwatch.com/story/heres-why-private-equity-companies-are-buying-fertility-clinics-2018-04-06-6105158
Only 4% of families talk regularly about money - and that's a problem,"April 3, 2018",6:00 a.m.,http://www.marketwatch.com/story/only-4-of-families-talk-regularly-about-money---and-thats-a-problem-2018-04-03-6105054
How a digital wardrobe can fuel the $18 billion re-commerce industry,"March 29, 2018",6:00 a.m.,http://www.marketwatch.com/story/how-a-digital-wardrobe-can-fuel-the-18-billion-re-commerce-industry-2018-03-29-6105047
Meet the 11-year-old cryptocurrency guru launching his own ICO,"March 27, 2018",6:00 a.m.,http://www.marketwatch.com/story/meet-the-11-year-old-cryptocurrency-guru-launching-his-own-ico-2018-03-27-6105035
Seth Godin reveals the secret to boosting your productivity.,"March 22, 2018",7:00 a.m.,http://www.marketwatch.com/story/seth-godin-reveals-the-secret-to-boosting-your-productivity-2018-03-22-710500
Should antitrust laws be enforced against the tech giants' monopolies?,"March 20, 2018",1:00 a.m.,http://www.marketwatch.com/story/should-antitrust-laws-be-enforced-against-the-tech-giants-monopolies-2018-03-20-1105032
Do you hate politics? Here's how you could profit from it using ETFs,"March 15, 2018",1:52 a.m.,http://www.marketwatch.com/story/do-you-hate-politics-heres-how-you-could-profit-from-it-using-etfs-2018-03-15-11055251
Is artificial intelligence a better stock picker than humans?,"March 13, 2018",1:07 a.m.,http://www.marketwatch.com/story/is-artificial-intelligence-a-better-stock-picker-than-humans-2018-03-13-1105728
How to invest in blockchain without buying bitcoin,"March 8, 2018",1:05 a.m.,http://www.marketwatch.com/story/how-to-invest-in-blockchain-without-buying-bitcoin-2018-03-08-1105548
'Wolf of Wall Street' to investors: Watch out for these red flags,"March 6, 2018",1:00 a.m.,http://www.marketwatch.com/story/wolf-of-wall-street-to-investors-watch-out-for-these-red-flags-2018-03-06-1105035
"Can simulation stop medical errors, the third-leading cause of death?","March 1, 2018",10:21 a.m.,http://www.marketwatch.com/story/can-simulation-stop-medical-errors-the-third-leading-cause-of-death-2018-03-01-710500
Why businesses still write so many paper checks,"Feb. 22, 2018",6:37 a.m.,http://www.marketwatch.com/story/why-businesses-still-write-so-many-paper-checks-2018-02-22-61053754
3 legal (and practical) ways to bring back net neutrality,"Feb. 20, 2018",5:57 a.m.,http://www.marketwatch.com/story/3-legal-and-practical-ways-to-bring-back-net-neutrality-2018-02-20-51055734
Americans donate more than $1 billion a day. Here's how,"Feb. 15, 2018",5:54 a.m.,http://www.marketwatch.com/story/americans-donate-more-than-1-billion-a-day-heres-how-2018-02-15-5105542
Meet the robots that aim to revolutionize retail,"Feb. 13, 2018",5:30 a.m.,http://www.marketwatch.com/story/meet-the-robots-that-aim-to-revolutionize-retail-2018-02-13-51053015
What's going to happen inside your car once you don't have to drive,"Feb. 8, 2018",7:00 a.m.,http://www.marketwatch.com/story/whats-going-to-happen-inside-your-car-once-you-dont-have-to-drive-2018-02-08-710500
The CEO of chipmaker AMD says this is the future of big data,"Feb. 6, 2018",4:52 a.m.,http://www.marketwatch.com/story/the-ceo-of-chipmaker-amd-says-this-is-the-future-of-big-data-2018-02-06-41055233
How Trump could spark a global trade war over steel,"Feb. 1, 2018",5:30 a.m.,http://www.marketwatch.com/story/how-trump-could-spark-a-global-trade-war-over-steel-2018-02-01-51053046
How voice-assistant software can revolutionize the entire household,"Jan. 30, 2018",11:34 a.m.,http://www.marketwatch.com/story/how-voice-assistant-software-can-revolutionize-the-entire-household-2018-01-23-710500
Bank of America's CIO is wary of these stock sectors in 2018,"Jan. 30, 2018",5:30 a.m.,http://www.marketwatch.com/story/bank-of-americas-cio-is-wary-of-these-stock-sectors-in-2018-2018-01-30-51053036
How self-driving cars will learn to make life-or-death decisions,"Jan. 26, 2018",5:38 a.m.,http://www.marketwatch.com/story/how-scientists-program-life-or-death-decisions-of-self-driving-cars-2018-01-26-51053857
Here's how artificial intelligence mimics the human brain,"Jan. 25, 2018",5:30 a.m.,http://www.marketwatch.com/story/heres-how-artificial-intelligence-mimics-the-human-brain-2018-01-25-51053032
How machine learning is teaching drones to see for themselves,"Jan. 19, 2018",5:30 a.m.,http://www.marketwatch.com/story/how-machine-learning-is-teaching-drones-to-see-for-themselves-2018-01-19-51053048
This is what happens when homes are made permanently affordable,"Jan. 17, 2018",5:33 a.m.,http://www.marketwatch.com/story/this-is-what-happens-when-homes-are-made-permanently-affordable-2018-01-17-51053323
What investors - and everyone else - get wrong about innovation,"Jan. 16, 2018",6:00 p.m.,http://www.marketwatch.com/story/what-investors---and-everyone-else---get-wrong-about-innovation-2017-10-03-7105051
Meet the 10-year old investors learning how to beat the market,"Jan. 16, 2018",5:59 p.m.,http://www.marketwatch.com/story/meet-the-10-year-old-investors-that-are-learning-how-to-beat-the-marke-2017-10-13-7105043
Can AI improve the taste of kale?,"Jan. 16, 2018",5:58 p.m.,http://www.marketwatch.com/story/can-ai-improve-the-taste-of-kale-2018-01-10-710500
The $80 billion fitness industry sees huge growth in this demographic,"Jan. 12, 2018",7:00 a.m.,http://www.marketwatch.com/story/the-80-billion-fitness-industry-sees-huge-growth-in-this-demographic-2018-01-12-710500
Here's how workplace diversity can help companies boost profits,"Jan. 8, 2018",6:00 a.m.,http://www.marketwatch.com/story/heres-how-workplace-diversity-can-help-companies-boost-profits-2018-01-08-6105050
What is the future of bitcoin?,"Jan. 4, 2018",11:30 a.m.,http://www.marketwatch.com/story/what-is-the-future-of-bitcoin-2016-11-17
Everything we thought about millennials' money habits was wrong,"Jan. 3, 2018",1:26 p.m.,http://www.marketwatch.com/story/everything-we-thought-about-millennials-money-habits-was-wrong-2018-01-03-1910500
Can boxed water compete against bottled water?,"Jan. 2, 2018",7:00 a.m.,http://www.marketwatch.com/story/can-boxed-water-compete-against-bottled-water-2018-01-02-710500
Here's how robots can revolutionize e-commerce,"Dec. 22, 2017",5:00 a.m.,http://www.marketwatch.com/story/heres-how-robots-can-revolutionize-e-commerce-2017-12-22-5105040
"Learn to code, it might save your job","Dec. 20, 2017",11:39 a.m.,http://www.marketwatch.com/story/learn-to-code-it-might-save-your-job-2017-12-20-710500
Struggling to pay student debt? Here's what you need to know.,"Dec. 15, 2017",7:00 a.m.,http://www.marketwatch.com/story/struggling-to-pay-student-debt-heres-what-you-need-to-know-2017-12-15-710500
Investing in disruption's easier said than done. What you need to know,"Dec. 14, 2017",7:00 a.m.,http://www.marketwatch.com/story/investing-in-disruptions-easier-said-than-done-what-you-need-to-know-2017-12-14-7105037
How blockchain can revolutionize government,"Dec. 12, 2017",2:23 p.m.,http://www.marketwatch.com/story/how-blockchain-can-revolutionize-government-2017-10-24-7105016
You could now buy a house using bitcoin. Here's how,"Dec. 12, 2017",2:23 p.m.,http://www.marketwatch.com/story/you-could-now-buy-a-house-using-bitcoin-heres-how-2017-10-19-7105016
Here's why bitcoin might be much easier to regulate than cash,"Dec. 12, 2017",2:23 p.m.,http://www.marketwatch.com/story/heres-why-bitcoin-might-be-much-easier-to-regulate-than-cash-2017-10-18-7105016
Here's what Trump's tax plan means for the stock market,"Dec. 12, 2017",2:22 p.m.,http://www.marketwatch.com/story/heres-what-trumps-tax-plan-means-for-the-stock-market-2017-11-03
Why the U.S. has invested more than $860 billion in Australia,"Dec. 12, 2017",2:22 p.m.,http://www.marketwatch.com/story/why-the-us-invests-over-860-billion-per-year-in-australia-2017-10-31-7105046
How we got here: A history of the use of tech in toys,"Dec. 12, 2017",2:21 p.m.,http://www.marketwatch.com/story/how-we-got-here-a-history-of-the-use-of-tech-in-toys-2017-11-07-710500
Paying student loans for the first time? Here's what you need to know,"Dec. 12, 2017",2:21 p.m.,http://www.marketwatch.com/story/paying-student-loans-for-the-first-time-heres-what-you-need-to-know-2017-11-14-7105035
Here's how fraudsters can 'steal' your voice to rob your bank account,"Dec. 12, 2017",1:01 p.m.,http://www.marketwatch.com/story/heres-how-fraudsters-can-steal-your-voice-to-commit-financial-fraud-2017-12-11-7105925
Here's how we got to a trillion-dollar pension crisis,"Dec. 6, 2017",7:00 a.m.,http://www.marketwatch.com/story/heres-how-we-got-to-a-trillion-dollar-pension-crisis-2017-12-06-7105047
Tax bill hints at new GOP tack: Actually it's OK to add to deficits,"Dec. 1, 2017",10:28 a.m.,http://www.marketwatch.com/story/a-public-policy-economics-professor-breaks-down-the-gop-tax-plan-2017-12-01-7105042
How the personalization of beauty could change how you buy shampoo,"Nov. 29, 2017",7:00 a.m.,http://www.marketwatch.com/story/how-the-personalization-of-beauty-could-change-how-you-buy-shampoo-2017-11-29-710500
Can this robot make football safer?,"Nov. 27, 2017",7:00 a.m.,http://www.marketwatch.com/story/can-this-robot-make-football-safer-2017-11-27-710500
Interested in impact investing? Here's everything you need to know,"Nov. 21, 2017",11:03 a.m.,http://www.marketwatch.com/story/interested-in-impact-investing-heres-everything-you-need-to-know-2017-11-21
Why venture capitalists are investing in the vitamin industry,"Nov. 21, 2017",11:00 a.m.,http://www.marketwatch.com/story/why-venture-capitalists-are-investing-in-the-vitamin-industry-2017-11-17-710500
John Grisham: 'Day of reckoning' coming for student debt,"Nov. 2, 2017",7:00 a.m.,http://www.marketwatch.com/story/john-grisham-day-of-reckoning-coming-for-student-debt-2017-11-02-710500
Pet beauty: the new frontier for the $36 billion pet industry,"Oct. 11, 2017",10:21 a.m.,http://www.marketwatch.com/story/pet-beauty-the-new-frontier-for-the-36-billion-pet-industry-2017-10-11-7105019
Here's how tech entrepreneurs are disrupting food stamps,"Sept. 29, 2017",7:00 a.m.,http://www.marketwatch.com/story/heres-how-tech-entrepreneurs-are-disrupting-food-stamps-2017-09-29-710501
"As retail goes online, these companies have moved to brick-and-mortar","Sept. 26, 2017",2:20 p.m.,http://www.marketwatch.com/story/as-retail-goes-online-these-companies-have-moved-to-brick-and-mortar-2017-09-26-7105021
Here's how indoor farming can help feed 9.1 billion people by 2050,"Sept. 21, 2017",7:00 a.m.,http://www.marketwatch.com/story/heres-how-indoor-farming-can-help-feed-91-billion-people-by-2050-2017-09-21-7105030
How the 'grocerant' is disrupting the $500 billion food industry,"Sept. 19, 2017",7:00 a.m.,http://www.marketwatch.com/story/how-the-grocerant-is-disrupting-the-500-billion-food-industry-2017-09-19-7105055
Can Trump reverse the decline of the coal industry?,"Sept. 14, 2017",7:00 a.m.,http://www.marketwatch.com/story/can-trump-reverse-the-decline-of-the-coal-industry-2017-09-14-7105031
Why the private internet is growing faster than the public internet,"Sept. 13, 2017",10:30 a.m.,http://www.marketwatch.com/story/why-the-private-internet-is-growing-faster-the-public-internet-2017-09-12-7105023
How to invest in the future of health care,"Sept. 11, 2017",1:48 p.m.,http://www.marketwatch.com/story/how-to-invest-in-the-future-of-health-care-2017-09-07-710506
This technology may forever change how you sleep,"Sept. 5, 2017",7:00 a.m.,http://www.marketwatch.com/story/cant-sleep-these-tech-startups-want-to-help-2017-09-05-710500
Meet the people (and robots) who print your daily newspaper,"Aug. 31, 2017",7:00 a.m.,http://www.marketwatch.com/story/meet-the-people-and-robots-who-print-your-daily-newspaper-2017-08-31-710500
How the $26 billion nightlife industry keeps reinventing itself,"Aug. 29, 2017",7:00 a.m.,http://www.marketwatch.com/story/how-the-26-billion-nightlife-industry-keeps-reinventing-itself-2017-08-29-710500
Can 350 million tons of waste a year help power America?,"Aug. 24, 2017",7:00 a.m.,http://www.marketwatch.com/story/can-350-million-tons-of-waste-a-year-help-power-america-2017-08-24-710500
Is microtransit the answer to commuter woes?,"Aug. 22, 2017",7:00 a.m.,http://www.marketwatch.com/story/is-microtransit-the-answer-to-commuter-woes-2017-08-22-710500
Why media companies struggle to meet the demand for great storytelling,"Aug. 17, 2017",7:00 a.m.,http://www.marketwatch.com/story/why-media-companies-struggle-to-meet-the-demand-for-great-storytelling-2017-08-17-7105032
How AI could make living in cities much less miserable,"Aug. 15, 2017",7:00 a.m.,http://www.marketwatch.com/story/how-ai-could-make-living-in-cities-much-less-miserable-2017-08-15-710500
Here's how new tech could democratize education,"Aug. 10, 2017",7:00 a.m.,http://www.marketwatch.com/story/heres-how-new-tech-could-democratize-education-2017-08-10-7105019
"By 2021, your Lyft ride will likely have no driver. Here's how","Aug. 9, 2017",11:48 a.m.,http://www.marketwatch.com/story/by-2021-your-lyft-ride-will-likely-have-no-driver-heres-how-2017-08-09-7105040
Here's how to pick retail companies that will survive the meltdown,"Aug. 3, 2017",5:32 p.m.,http://www.marketwatch.com/story/heres-how-to-pick-retail-companies-that-will-survive-the-meltdown-2017-08-03-7105047
What every cannabis investor should be paranoid about,"Aug. 2, 2017",7:00 a.m.,http://www.marketwatch.com/story/what-every-cannabis-investor-should-be-paranoid-about-2017-08-02-710505
This could be the answer to rising corporate burnout rates,"Aug. 1, 2017",7:00 a.m.,http://www.marketwatch.com/story/this-could-be-the-answer-to-rising-corporate-burnout-rates-2017-08-01-7105041
What Trump's vow to repeal Dodd-Frank means for banks,"July 26, 2017",3:04 p.m.,http://www.marketwatch.com/story/what-trumps-vow-to-repeal-dodd-frank-means-for-banks-2017-07-26-7105039
What 'Flash Boys' Brad Katsuyama thinks is killing Wall Street trade,"July 24, 2017",7:00 a.m.,http://www.marketwatch.com/story/what-flash-boys-brad-katsuyama-thinks-is-killing-wall-street-trade-2017-07-24-7105045
"Before NASA can send humans to Mars, it needs to solve these problems","July 18, 2017",7:00 a.m.,http://www.marketwatch.com/story/before-nasa-can-send-humans-to-mars-it-needs-to-solve-these-problems-2017-07-18-7105058
What marriage-phobic millennials mean for the wedding-ring industry,"July 13, 2017",10:21 a.m.,http://www.marketwatch.com/story/what-marriage-phobic-millennials-mean-for-the-wedding-ring-industry-2017-07-13-710500
How the rise of drones is posing a major security nightmare,"July 11, 2017",7:00 a.m.,http://www.marketwatch.com/story/how-the-rise-of-drones-is-posing-a-major-security-nightmare-2017-07-11-7105016
The new frontier for vision companies: Colorblindness,"July 7, 2017",7:00 a.m.,http://www.marketwatch.com/story/the-new-frontier-for-vision-companies-colorblindness-2017-07-07-710500
The next frontier in entertainment: Drone sports,"June 29, 2017",1:17 p.m.,http://www.marketwatch.com/story/the-next-frontier-in-entertainment-drone-sports-2017-06-29-7105035
How 3D full-body scans will change everything from fitness to fashion,"June 27, 2017",2:58 p.m.,http://www.marketwatch.com/story/how-3d-full-body-scans-will-change-everything-from-fitness-to-fashion-2017-06-13-710500
Here's what a salad looks like on Mars,"June 27, 2017",9:56 a.m.,http://www.marketwatch.com/story/heres-what-a-salad-look-like-on-mars-2017-06-27-710500
Silicon Valley's corporate-campus building boom is a cautionary tale,"June 22, 2017",2:16 p.m.,http://www.marketwatch.com/story/silicon-valleys-corporate-campus-building-boom-is-a-cautionary-tale-2017-06-22
Why 56 million Americans have no bank account: Not what you think,"June 20, 2017",10:54 a.m.,http://www.marketwatch.com/story/why-56-million-americans-have-no-bank-account-not-what-you-think-2017-06-20
Alan Alda: Why you should trust science even if you're a skeptic,"June 15, 2017",10:54 a.m.,http://www.marketwatch.com/story/alan-alda-why-you-should-trust-science-even-if-youre-a-skeptic-2017-06-15-710500
JetBlue chairman: Why loyalty programs have made airlines 'lazy',"June 8, 2017",10:55 a.m.,http://www.marketwatch.com/story/jetblue-chairman-why-loyalty-programs-have-made-airlines-lazy-2017-06-08
How charities need to change to end poverty,"June 7, 2017",11:51 a.m.,http://www.marketwatch.com/story/how-charities-need-to-change-to-end-poverty-2017-06-07
Here's who will pay to fix America's crumbling infrastructure,"June 2, 2017",6:00 a.m.,http://www.marketwatch.com/story/heres-who-will-pay-to-fix-americas-crumbling-infrastructure-2017-06-02-610500
"When it comes to retirement, 60s are the new 50s","May 30, 2017",7:00 a.m.,http://www.marketwatch.com/story/when-it-comes-to-retirement-60s-are-the-new-50s-2017-05-30-7105045
What to do in your 50s to build wealth for your retirement,"May 25, 2017",10:34 a.m.,http://www.marketwatch.com/story/what-do-in-your-50s-to-build-wealth-for-your-retirement-2017-05-25-10105053
What to do in your 40s to retire a millionaire,"May 23, 2017",7:00 a.m.,http://www.marketwatch.com/story/what-to-do-in-your-40s-to-retire-a-millionaire-2017-05-23-7105013
Here's all you need to do in your 30s for a great financial future,"May 18, 2017",11:00 a.m.,http://www.marketwatch.com/story/heres-all-you-need-to-do-in-your-30s-for-a-great-financial-future-2017-05-18-710500
Everything you need to do in your 20s for a great financial future,"May 16, 2017",2:13 p.m.,http://www.marketwatch.com/story/everything-you-need-to-do-in-your-20s-for-a-great-financial-future-2017-05-16-7105058
This is the new American dream,"May 12, 2017",4:58 p.m.,http://www.marketwatch.com/story/this-is-the-new-american-dream-2017-05-11-710500
The insurance industry is about to get a whole lot weirder,"May 8, 2017",11:40 a.m.,http://www.marketwatch.com/story/the-insurance-industry-is-about-to-get-a-whole-lot-weirder-2017-05-08-710500
This tech could save the construction industry $100 billion,"May 4, 2017",2:27 p.m.,http://www.marketwatch.com/story/this-tech-could-save-the-construction-industry-100-billion-2017-05-04-7105058
How to make sure you never run out of money,"May 1, 2017",7:00 a.m.,http://www.marketwatch.com/story/how-to-make-sure-you-never-run-out-of-money-2017-05-01-710500
'Rich Dad' author Robert Kiyosaki on how to get rich in real estate,"April 27, 2017",7:00 a.m.,http://www.marketwatch.com/story/rich-dad-author-robert-kiyosaki-on-how-to-get-rich-in-real-estate-2017-04-27-7105029
Do you have what it takes to launch a successful startup?,"April 26, 2017",4:52 p.m.,http://www.marketwatch.com/story/do-you-have-what-it-takes-to-launch-a-successful-startup-2017-04-24-1910505
This is the future of 3-D printing,"April 25, 2017",7:00 a.m.,http://www.marketwatch.com/story/this-is-the-future-of-3-d-printing-2017-04-25-7105056
Why streaming won't kill the music industry,"April 21, 2017",7:00 a.m.,http://www.marketwatch.com/story/why-streaming-wont-kill-the-music-industry-2017-04-21-710500
"By 2020, 50% of workforce will be remote. Here's how.","April 19, 2017",7:00 a.m.,http://www.marketwatch.com/story/by-2020-50-of-workforce-will-be-remote-heres-how-2017-04-19-710504
Everything you need to know to invest in marijuana,"April 14, 2017",9:56 a.m.,http://www.marketwatch.com/story/how-to-invest-in-marijuana-2017-04-13-710501
How your mind can make you fat,"April 12, 2017",7:00 a.m.,http://www.marketwatch.com/story/how-your-mind-can-make-you-fat-2017-04-12-7105034
This security attack costs companies over $3 billion in losses,"April 10, 2017",7:00 a.m.,http://www.marketwatch.com/story/this-security-attack-costs-companies-over-3-billion-in-losses-2017-04-10-710500
Here's what Trump could mean for the nonprofit sector,"April 6, 2017",7:00 a.m.,http://www.marketwatch.com/story/heres-what-trump-could-mean-for-the-nonprofit-sector-2017-04-06-7105033
Here's the real reason why U.S. health care is so expensive,"April 5, 2017",10:29 a.m.,http://www.marketwatch.com/story/heres-the-real-reason-why-us-healthcare-is-so-expensive-2017-04-05-19105019
How self-driving cars will take over more than just the driving,"April 4, 2017",7:00 a.m.,http://www.marketwatch.com/story/how-self-driving-cars-will-take-over-more-than-just-the-driving-2017-04-04-710500
Here's how drones will change the future of warfare,"March 31, 2017",7:00 a.m.,http://www.marketwatch.com/story/heres-how-drones-will-change-the-future-of-warfare-2017-03-31-7105011
Why the bank of the future will look like an Apple store,"March 28, 2017",7:00 a.m.,http://www.marketwatch.com/story/why-the-bank-of-the-future-will-look-like-an-apple-store-2017-03-28-7105059
Think you would win an argument with a robot? Watch this.,"March 27, 2017",10:30 a.m.,http://www.marketwatch.com/story/think-you-would-win-an-argument-with-a-robot-watch-this-2017-03-27
How 4D mapping could change the way we live and work,"March 24, 2017",7:00 a.m.,http://www.marketwatch.com/story/how-4d-mapping-could-change-the-way-we-live-and-work-2017-03-24-7105039
How to invest in gold,"March 20, 2017",7:00 a.m.,http://www.marketwatch.com/story/how-to-invest-in-gold-2017-03-20-7105023
The future of video games may be a full-body experience,"March 17, 2017",7:00 a.m.,http://www.marketwatch.com/story/the-future-of-video-games-may-be-a-full-body-experience-2017-03-17
Tony Robbins says this is how to get rich when the market tanks,"March 15, 2017",7:00 a.m.,http://www.marketwatch.com/story/tony-robbins-says-this-is-how-to-get-rich-when-the-market-tanks-2017-03-15-710500
Here's what it's like to be a VIP sports fan,"March 10, 2017",7:00 a.m.,http://www.marketwatch.com/story/heres-what-its-like-to-be-a-vip-sports-fan-2017-03-10-710501
Do women-led companies get better returns on Wall Street?,"March 8, 2017",5:58 p.m.,http://www.marketwatch.com/story/do-women-led-companies-get-better-returns-on-wall-street-2017-03-08
How Snap makes money,"March 7, 2017",3:59 p.m.,http://www.marketwatch.com/story/before-investing-in-snapchat-ipo-watch-this-2017-02-24
How to invest and do good,"March 7, 2017",1:34 p.m.,http://www.marketwatch.com/story/how-to-invest-and-do-good-2017-03-02
People spend small fortunes to bury pets at this cemetery,"March 7, 2017",10:25 a.m.,http://www.marketwatch.com/story/people-spend-small-fortunes-to-bury-pets-at-this-cemetary-2017-03-07
Will Snap reinvigorate the IPO market?,"March 2, 2017",1:03 p.m.,http://www.marketwatch.com/story/will-snap-reinvigorate-the-ipo-market-2017-03-02
Why more men are going into debt for plastic surgery,"Feb. 27, 2017",12:28 p.m.,http://www.marketwatch.com/story/why-more-men-are-going-into-debt-for-plastic-surgery-2017-02-27
This medical device scans your brain on marijuana,"Feb. 16, 2017",12:31 p.m.,http://www.marketwatch.com/story/this-medical-device-scans-your-brain-on-marijuana-2017-02-16-121053027
A Harvard Business professor explains Donald Trump,"Feb. 15, 2017",10:08 a.m.,http://www.marketwatch.com/story/a-harvard-business-professor-explains-donald-trump-2017-02-15
Richard Thaler: Here's the best investing strategy,"Feb. 10, 2017",10:34 a.m.,http://www.marketwatch.com/story/richard-thaler-heres-the-best-investing-strategy-2017-02-10
How wearable technology can transform health care,"Feb. 6, 2017",10:17 a.m.,http://www.marketwatch.com/story/how-wearable-technology-can-transform-health-care-2017-02-06
NOKIA ex-CEO has this advice for tech startups,"Feb. 3, 2017",10:57 a.m.,http://www.marketwatch.com/story/nokia-ex-ceo-has-this-advice-for-tech-startups-2017-02-03-101055651
This is when driverless cars will hit the road,"Jan. 27, 2017",10:30 a.m.,http://www.marketwatch.com/story/how-long-until-driverless-cars-are-on-the-road-2017-01-27
Here's why tech giants want to keep content cheap,"Jan. 26, 2017",10:23 a.m.,http://www.marketwatch.com/story/heres-why-tech-giants-want-to-keep-content-cheap-2017-01-26
Can employers solve the student-loan crisis?,"Jan. 24, 2017",11:08 a.m.,http://www.marketwatch.com/story/can-employers-solve-the-student-loan-crisis-2017-01-24
Here's what's behind the whiskey boom in the U.S.,"Jan. 23, 2017",10:56 a.m.,http://www.marketwatch.com/story/heres-whats-behind-the-whiskey-boom-in-the-us-2017-01-23
Will augmented reality or virtual reality win?,"Jan. 18, 2017",12:21 p.m.,http://www.marketwatch.com/story/will-augmented-reality-or-virtual-reality-win-2017-01-18
Here's what Trump means for the tech industry,"Jan. 10, 2017",7:11 p.m.,http://www.marketwatch.com/story/heres-what-trump-means-for-the-tech-industry-2017-01-10
Nvidia and Audi predict self-driving car by 2020,"Jan. 6, 2017",5:03 p.m.,http://www.marketwatch.com/story/nvidia-and-audi-predict-self-driving-car-by-2020-2017-01-05
Fitbit seeks software success like Apple,"Jan. 6, 2017",4:59 p.m.,http://www.marketwatch.com/story/fitbit-seeks-software-success-like-apple-2017-01-06-131054953
Everybody's chasing Tesla for electric cars at CES,"Jan. 5, 2017",2:09 p.m.,http://www.marketwatch.com/story/everybodys-chasing-tesla-for-electric-cars-at-ces-2017-01-04
"This is the future of air travel, says KLM's CEO","Jan. 4, 2017",11:04 a.m.,http://www.marketwatch.com/story/this-is-the-future-of-air-travel-says-klms-ceo-2017-01-04
How credit scores predict what you will buy next,"Dec. 22, 2016",10:59 a.m.,http://www.marketwatch.com/story/how-credit-scores-predict-what-you-will-buy-next-2016-12-22-10105599
Here's what Trump means for health care,"Dec. 20, 2016",9:52 a.m.,http://www.marketwatch.com/story/heres-what-trump-means-for-health-care-2016-12-20
This new office trend lets you lie down at work,"Dec. 14, 2016",9:48 a.m.,http://www.marketwatch.com/story/this-new-office-trend-lets-you-lie-down-at-work-2016-12-14
These dogs make up to $10K per social media post,"Dec. 9, 2016",9:36 a.m.,http://www.marketwatch.com/story/these-dogs-make-up-to-10k-per-social-media-post-2016-12-09
What can artificial intelligence do for retail?,"Dec. 7, 2016",10:49 a.m.,http://www.marketwatch.com/story/what-can-artificial-intelligence-do-for-retail-2016-10-20-12105247
Richard Branson: 'Thousands' will go to space soon,"Dec. 2, 2016",5:28 p.m.,http://www.marketwatch.com/story/richard-branson-thousands-will-go-to-space-soon-2016-12-02
How biometrics could replace your entire wallet,"Nov. 30, 2016",11:22 a.m.,http://www.marketwatch.com/story/heres-how-biometrics-could-replace-your-id-card-2016-11-30
Can Wall Street close this gender gap?,"Nov. 22, 2016",9:30 a.m.,http://www.marketwatch.com/story/can-wall-street-close-this-gender-gap-2016-11-22
Is biohacking the next phase of human evolution?,"Nov. 15, 2016",10:36 a.m.,http://www.marketwatch.com/story/is-biohacking-the-next-phase-of-human-evolution-2016-11-15-10105185
Can Drones Safely Mix With Airplanes?,"Nov. 8, 2016",1:43 p.m.,http://www.marketwatch.com/story/can-drones-safely-mix-with-airplanes-2016-11-07
Will machines take over package deliveries?,"Nov. 3, 2016",12:32 p.m.,http://www.marketwatch.com/story/will-machines-take-over-package-deliveries-2016-11-03
Can robo advisers manage your money and emotions?,"Oct. 28, 2016",12:56 p.m.,http://www.marketwatch.com/story/can-robo-advisers-manage-your-money-and-emotions-2016-10-27
Do lawsuits drive innovation in chemical industry?,"Oct. 25, 2016",12:05 p.m.,http://www.marketwatch.com/story/do-lawsuits-drive-innovation-in-chemical-industry-2016-10-25-1210548
